{
    "node1": {
        "coords1": [33.022464, -117.571979],
        "coords2": [33.655870, -117.032276],
        "coords3": [33.022572, -116.658741],
        "coords4": [32.449611, -116.955371],
        "coords5": [32.393968, -118.119922],
        "coords6": [33.004147, -118.493457]
    },
    "node2": {
        "coords1": [32.9867798, -117.4747467],
        "coords2": [33.655870, -117.0634460],
        "coords3": [33.2478759, -116.4207458],
        "coords4": [33.5734380,  -116.8272399],
        "coords5": [33.4131022, -117.4177551],
        "coords6": [33.2846199, -117.7445983]
    },
    "node3": {
        "coords1": [32.2128010, -117.4836730],
        "coords2": [32.3405208, -116.777801],
        "coords3": [32.5190260, -116.4839172],
        "coords4": [32.7572522,  -116.4646911],
        "coords5": [32.9764120, -116.8574523],
        "coords6": [32.7064222, -117.2831726]
    }
}